EmployeeNumber,HighestEducation,Attrition,SubHE
1,"Associates Degree",Yes,"Associates Degree Attrition"
2,"Associates Degree",No,"Associates Degree Retention"
4,"Bachelors Degree",Yes,"Bachelors Degree Attrition"
5,"Bachelors Degree",No,"Bachelors Degree Retention"
7,"Associates Degree",No,"Associates Degree Retention"
8,"Associates Degree",No,"Associates Degree Retention"
10,"Bachelors Degree",No,"Bachelors Degree Retention"
11,"Bachelors Degree",No,"Bachelors Degree Retention"
12,"Associates Degree",No,"Associates Degree Retention"
13,"Associates Degree",No,"Associates Degree Retention"
14,"Doctoral Degree",No,"Doctoral Degree Retention"
15,"Associates Degree",No,"Associates Degree Retention"
16,"Bachelors Degree",No,"Bachelors Degree Retention"
18,"Doctoral Degree",No,"Doctoral Degree Retention"
19,"Associates Degree",Yes,"Associates Degree Attrition"
20,"Bachelors Degree",No,"Bachelors Degree Retention"
21,"Doctoral Degree",No,"Doctoral Degree Retention"
22,"Associates Degree",No,"Associates Degree Retention"
23,"Doctoral Degree",No,"Doctoral Degree Retention"
24,"Doctoral Degree",No,"Doctoral Degree Retention"
26,"Masters Degree",No,"Masters Degree Retention"
27,"Doctoral Degree",Yes,"Doctoral Degree Attrition"
28,"Associates Degree",No,"Associates Degree Retention"
30,"Associates Degree",No,"Associates Degree Retention"
31,"Masters Degree",Yes,"Masters Degree Attrition"
32,"Doctoral Degree",No,"Doctoral Degree Retention"
33,"Bachelors Degree",Yes,"Bachelors Degree Attrition"
35,"Bachelors Degree",No,"Bachelors Degree Retention"
36,"Doctoral Degree",No,"Doctoral Degree Retention"
38,"Doctoral Degree",No,"Doctoral Degree Retention"
39,"Masters Degree",No,"Masters Degree Retention"
40,"Bachelors Degree",No,"Bachelors Degree Retention"
41,"Masters Degree",No,"Masters Degree Retention"
42,"Doctoral Degree",Yes,"Doctoral Degree Attrition"
45,"Bachelors Degree",Yes,"Bachelors Degree Attrition"
46,"Associates Degree",No,"Associates Degree Retention"
47,"Masters Degree",Yes,"Masters Degree Attrition"
49,"Masters Degree",No,"Masters Degree Retention"
51,"Bachelors Degree",No,"Bachelors Degree Retention"
52,"Masters Degree",No,"Masters Degree Retention"
53,"Associates Degree",No,"Associates Degree Retention"
54,"Bachelors Degree",No,"Bachelors Degree Retention"
55,"Doctoral Degree",Yes,"Doctoral Degree Attrition"
56,"Bachelors Degree",No,"Bachelors Degree Retention"
57,"Bachelors Degree",No,"Bachelors Degree Retention"
58,"Masters Degree",Yes,"Masters Degree Attrition"
60,"Masters Degree",No,"Masters Degree Retention"
61,"Associates Degree",No,"Associates Degree Retention"
62,"Bachelors Degree",No,"Bachelors Degree Retention"
63,"Bachelors Degree",No,"Bachelors Degree Retention"
64,"Associates Degree",Yes,"Associates Degree Attrition"
65,"Doctoral Degree",Yes,"Doctoral Degree Attrition"
68,"Masters Degree",No,"Masters Degree Retention"
70,"Associates Degree",No,"Associates Degree Retention"
72,"Doctoral Degree",No,"Doctoral Degree Retention"
73,"Bachelors Degree",No,"Bachelors Degree Retention"
74,"Doctoral Degree",No,"Doctoral Degree Retention"
75,"Associates Degree",No,"Associates Degree Retention"
76,"Doctoral Degree",No,"Doctoral Degree Retention"
77,"Doctoral Degree",No,"Doctoral Degree Retention"
78,"Associates Degree",No,"Associates Degree Retention"
79,"Doctoral Degree",No,"Doctoral Degree Retention"
80,"Doctoral Degree",No,"Doctoral Degree Retention"
81,"Bachelors Degree",No,"Bachelors Degree Retention"
83,"Masters Degree",No,"Masters Degree Retention"
84,"Bachelors Degree",No,"Bachelors Degree Retention"
85,"Doctoral Degree",No,"Doctoral Degree Retention"
86,"Masters Degree",No,"Masters Degree Retention"
88,"Associates Degree",No,"Associates Degree Retention"
90,"Associates Degree",Yes,"Associates Degree Attrition"
91,"Bachelors Degree",No,"Bachelors Degree Retention"
94,"Doctoral Degree",No,"Doctoral Degree Retention"
95,"Doctoral Degree",No,"Doctoral Degree Retention"
96,"Bachelors Degree",No,"Bachelors Degree Retention"
97,"Bachelors Degree",No,"Bachelors Degree Retention"
98,"Doctoral Degree",No,"Doctoral Degree Retention"
100,"Bachelors Degree",No,"Bachelors Degree Retention"
101,"Doctoral Degree",No,"Doctoral Degree Retention"
102,"Doctoral Degree",No,"Doctoral Degree Retention"
103,"Doctoral Degree",No,"Doctoral Degree Retention"
104,"Bachelors Degree",No,"Bachelors Degree Retention"
105,"Doctoral Degree",No,"Doctoral Degree Retention"
106,"Bachelors Degree",No,"Bachelors Degree Retention"
107,"Bachelors Degree",No,"Bachelors Degree Retention"
110,"Doctoral Degree",No,"Doctoral Degree Retention"
112,"Bachelors Degree",No,"Bachelors Degree Retention"
113,"Bachelors Degree",No,"Bachelors Degree Retention"
116,"Associates Degree",No,"Associates Degree Retention"
117,"Masters Degree",No,"Masters Degree Retention"
118,"Associates Degree",Yes,"Associates Degree Attrition"
119,"Doctoral Degree",No,"Doctoral Degree Retention"
120,"Masters Degree",No,"Masters Degree Retention"
121,"Associates Degree",No,"Associates Degree Retention"
124,"Associates Degree",No,"Associates Degree Retention"
125,"Bachelors Degree",No,"Bachelors Degree Retention"
126,"Bachelors Degree",No,"Bachelors Degree Retention"
128,"Associates Degree",No,"Associates Degree Retention"
129,"Masters Degree",No,"Masters Degree Retention"
131,"Doctoral Degree",No,"Doctoral Degree Retention"
132,"Doctoral Degree",No,"Doctoral Degree Retention"
133,"Bachelors Degree",Yes,"Bachelors Degree Attrition"
134,"Masters Degree",No,"Masters Degree Retention"
137,"High School",Yes,"High School Attrition"
138,"Masters Degree",No,"Masters Degree Retention"
139,"Associates Degree",No,"Associates Degree Retention"
140,"Masters Degree",No,"Masters Degree Retention"
141,"Doctoral Degree",No,"Doctoral Degree Retention"
142,"Bachelors Degree",Yes,"Bachelors Degree Attrition"
143,"Masters Degree",No,"Masters Degree Retention"
144,"Bachelors Degree",No,"Bachelors Degree Retention"
145,"Doctoral Degree",No,"Doctoral Degree Retention"
147,"Bachelors Degree",Yes,"Bachelors Degree Attrition"
148,"Associates Degree",No,"Associates Degree Retention"
150,"Masters Degree",No,"Masters Degree Retention"
151,"Masters Degree",No,"Masters Degree Retention"
152,"Bachelors Degree",No,"Bachelors Degree Retention"
153,"Doctoral Degree",No,"Doctoral Degree Retention"
154,"Doctoral Degree",No,"Doctoral Degree Retention"
155,"Bachelors Degree",No,"Bachelors Degree Retention"
158,"Masters Degree",No,"Masters Degree Retention"
159,"Bachelors Degree",No,"Bachelors Degree Retention"
160,"Masters Degree",No,"Masters Degree Retention"
161,"Doctoral Degree",Yes,"Doctoral Degree Attrition"
162,"Bachelors Degree",No,"Bachelors Degree Retention"
163,"Associates Degree",Yes,"Associates Degree Attrition"
164,"Doctoral Degree",No,"Doctoral Degree Retention"
165,"Bachelors Degree",Yes,"Bachelors Degree Attrition"
167,"High School",Yes,"High School Attrition"
169,"Bachelors Degree",No,"Bachelors Degree Retention"
170,"Doctoral Degree",No,"Doctoral Degree Retention"
171,"Doctoral Degree",No,"Doctoral Degree Retention"
174,"Bachelors Degree",No,"Bachelors Degree Retention"
175,"Bachelors Degree",Yes,"Bachelors Degree Attrition"
176,"Associates Degree",No,"Associates Degree Retention"
177,"Doctoral Degree",No,"Doctoral Degree Retention"
178,"Bachelors Degree",No,"Bachelors Degree Retention"
179,"Doctoral Degree",Yes,"Doctoral Degree Attrition"
182,"Bachelors Degree",No,"Bachelors Degree Retention"
183,"Bachelors Degree",No,"Bachelors Degree Retention"
184,"Masters Degree",No,"Masters Degree Retention"
190,"Doctoral Degree",Yes,"Doctoral Degree Attrition"
192,"Doctoral Degree",No,"Doctoral Degree Retention"
193,"Masters Degree",No,"Masters Degree Retention"
194,"Masters Degree",No,"Masters Degree Retention"
195,"Associates Degree",No,"Associates Degree Retention"
197,"Doctoral Degree",No,"Doctoral Degree Retention"
198,"Doctoral Degree",No,"Doctoral Degree Retention"
199,"Masters Degree",No,"Masters Degree Retention"
200,"Masters Degree",No,"Masters Degree Retention"
201,"High School",No,"High School Retention"
202,"Associates Degree",No,"Associates Degree Retention"
204,"Masters Degree",No,"Masters Degree Retention"
205,"Doctoral Degree",No,"Doctoral Degree Retention"
206,"Bachelors Degree",No,"Bachelors Degree Retention"
207,"Associates Degree",No,"Associates Degree Retention"
208,"Associates Degree",No,"Associates Degree Retention"
211,"Associates Degree",No,"Associates Degree Retention"
214,"Doctoral Degree",No,"Doctoral Degree Retention"
215,"Doctoral Degree",No,"Doctoral Degree Retention"
216,"Associates Degree",No,"Associates Degree Retention"
217,"High School",No,"High School Retention"
218,"Associates Degree",No,"Associates Degree Retention"
221,"Bachelors Degree",No,"Bachelors Degree Retention"
223,"Masters Degree",No,"Masters Degree Retention"
224,"Associates Degree",No,"Associates Degree Retention"
226,"Doctoral Degree",No,"Doctoral Degree Retention"
227,"Bachelors Degree",No,"Bachelors Degree Retention"
228,"Bachelors Degree",No,"Bachelors Degree Retention"
230,"Masters Degree",No,"Masters Degree Retention"
231,"Masters Degree",No,"Masters Degree Retention"
233,"Doctoral Degree",No,"Doctoral Degree Retention"
235,"High School",Yes,"High School Attrition"
238,"Doctoral Degree",No,"Doctoral Degree Retention"
239,"Associates Degree",No,"Associates Degree Retention"
240,"Doctoral Degree",No,"Doctoral Degree Retention"
241,"Masters Degree",No,"Masters Degree Retention"
242,"Associates Degree",No,"Associates Degree Retention"
243,"High School",Yes,"High School Attrition"
244,"Masters Degree",No,"Masters Degree Retention"
245,"Bachelors Degree",No,"Bachelors Degree Retention"
246,"Associates Degree",No,"Associates Degree Retention"
247,"Associates Degree",No,"Associates Degree Retention"
248,"Masters Degree",Yes,"Masters Degree Attrition"
249,"Masters Degree",No,"Masters Degree Retention"
250,"Bachelors Degree",No,"Bachelors Degree Retention"
252,"Masters Degree",No,"Masters Degree Retention"
253,"Bachelors Degree",No,"Bachelors Degree Retention"
254,"Associates Degree",No,"Associates Degree Retention"
256,"Doctoral Degree",No,"Doctoral Degree Retention"
258,"Bachelors Degree",No,"Bachelors Degree Retention"
259,"Associates Degree",No,"Associates Degree Retention"
260,"Doctoral Degree",No,"Doctoral Degree Retention"
261,"Bachelors Degree",Yes,"Bachelors Degree Attrition"
262,"Bachelors Degree",No,"Bachelors Degree Retention"
264,"Doctoral Degree",No,"Doctoral Degree Retention"
267,"Bachelors Degree",No,"Bachelors Degree Retention"
269,"Masters Degree",No,"Masters Degree Retention"
270,"Masters Degree",No,"Masters Degree Retention"
271,"Associates Degree",No,"Associates Degree Retention"
273,"Associates Degree",No,"Associates Degree Retention"
274,"Doctoral Degree",No,"Doctoral Degree Retention"
275,"Bachelors Degree",No,"Bachelors Degree Retention"
277,"Associates Degree",No,"Associates Degree Retention"
281,"Doctoral Degree",No,"Doctoral Degree Retention"
282,"Masters Degree",Yes,"Masters Degree Attrition"
283,"Associates Degree",Yes,"Associates Degree Attrition"
284,"Bachelors Degree",No,"Bachelors Degree Retention"
286,"Bachelors Degree",No,"Bachelors Degree Retention"
287,"Associates Degree",No,"Associates Degree Retention"
288,"Masters Degree",No,"Masters Degree Retention"
291,"Bachelors Degree",Yes,"Bachelors Degree Attrition"
292,"Bachelors Degree",No,"Bachelors Degree Retention"
293,"Bachelors Degree",No,"Bachelors Degree Retention"
296,"Bachelors Degree",No,"Bachelors Degree Retention"
297,"Bachelors Degree",Yes,"Bachelors Degree Attrition"
298,"Bachelors Degree",No,"Bachelors Degree Retention"
299,"Associates Degree",Yes,"Associates Degree Attrition"
300,"Masters Degree",Yes,"Masters Degree Attrition"
302,"Bachelors Degree",No,"Bachelors Degree Retention"
303,"Doctoral Degree",No,"Doctoral Degree Retention"
304,"Doctoral Degree",No,"Doctoral Degree Retention"
305,"Masters Degree",No,"Masters Degree Retention"
306,"Bachelors Degree",No,"Bachelors Degree Retention"
307,"Associates Degree",No,"Associates Degree Retention"
308,"Associates Degree",No,"Associates Degree Retention"
309,"Masters Degree",No,"Masters Degree Retention"
311,"Masters Degree",No,"Masters Degree Retention"
312,"Masters Degree",No,"Masters Degree Retention"
314,"Associates Degree",No,"Associates Degree Retention"
315,"Doctoral Degree",Yes,"Doctoral Degree Attrition"
316,"Associates Degree",No,"Associates Degree Retention"
319,"Masters Degree",No,"Masters Degree Retention"
321,"Masters Degree",No,"Masters Degree Retention"
323,"Masters Degree",No,"Masters Degree Retention"
325,"Bachelors Degree",Yes,"Bachelors Degree Attrition"
327,"Associates Degree",No,"Associates Degree Retention"
328,"Associates Degree",Yes,"Associates Degree Attrition"
329,"Bachelors Degree",No,"Bachelors Degree Retention"
330,"Doctoral Degree",No,"Doctoral Degree Retention"
331,"Associates Degree",Yes,"Associates Degree Attrition"
332,"Doctoral Degree",No,"Doctoral Degree Retention"
333,"Bachelors Degree",No,"Bachelors Degree Retention"
334,"Associates Degree",No,"Associates Degree Retention"
335,"Masters Degree",No,"Masters Degree Retention"
336,"Masters Degree",No,"Masters Degree Retention"
337,"Doctoral Degree",No,"Doctoral Degree Retention"
338,"Masters Degree",No,"Masters Degree Retention"
339,"Bachelors Degree",No,"Bachelors Degree Retention"
340,"Associates Degree",No,"Associates Degree Retention"
341,"Doctoral Degree",No,"Doctoral Degree Retention"
342,"Doctoral Degree",Yes,"Doctoral Degree Attrition"
343,"Bachelors Degree",No,"Bachelors Degree Retention"
346,"Doctoral Degree",No,"Doctoral Degree Retention"
347,"Doctoral Degree",No,"Doctoral Degree Retention"
349,"Masters Degree",No,"Masters Degree Retention"
350,"Masters Degree",No,"Masters Degree Retention"
351,"Doctoral Degree",No,"Doctoral Degree Retention"
352,"Associates Degree",No,"Associates Degree Retention"
353,"Doctoral Degree",No,"Doctoral Degree Retention"
355,"Associates Degree",Yes,"Associates Degree Attrition"
359,"Masters Degree",No,"Masters Degree Retention"
361,"Bachelors Degree",No,"Bachelors Degree Retention"
362,"Bachelors Degree",No,"Bachelors Degree Retention"
363,"Bachelors Degree",No,"Bachelors Degree Retention"
364,"Doctoral Degree",Yes,"Doctoral Degree Attrition"
366,"Doctoral Degree",No,"Doctoral Degree Retention"
367,"Associates Degree",No,"Associates Degree Retention"
369,"Bachelors Degree",No,"Bachelors Degree Retention"
372,"Associates Degree",No,"Associates Degree Retention"
373,"Masters Degree",No,"Masters Degree Retention"
374,"Doctoral Degree",No,"Doctoral Degree Retention"
376,"Doctoral Degree",Yes,"Doctoral Degree Attrition"
377,"Associates Degree",No,"Associates Degree Retention"
378,"Bachelors Degree",No,"Bachelors Degree Retention"
379,"Bachelors Degree",No,"Bachelors Degree Retention"
380,"Associates Degree",No,"Associates Degree Retention"
381,"Bachelors Degree",No,"Bachelors Degree Retention"
382,"Masters Degree",No,"Masters Degree Retention"
384,"Masters Degree",No,"Masters Degree Retention"
385,"Doctoral Degree",No,"Doctoral Degree Retention"
386,"Masters Degree",No,"Masters Degree Retention"
387,"Associates Degree",No,"Associates Degree Retention"
388,"Masters Degree",No,"Masters Degree Retention"
389,"Bachelors Degree",No,"Bachelors Degree Retention"
390,"Doctoral Degree",No,"Doctoral Degree Retention"
391,"Doctoral Degree",No,"Doctoral Degree Retention"
392,"Bachelors Degree",Yes,"Bachelors Degree Attrition"
393,"Associates Degree",No,"Associates Degree Retention"
394,"Associates Degree",Yes,"Associates Degree Attrition"
395,"Masters Degree",No,"Masters Degree Retention"
396,"Associates Degree",No,"Associates Degree Retention"
397,"Bachelors Degree",No,"Bachelors Degree Retention"
399,"Doctoral Degree",No,"Doctoral Degree Retention"
401,"Masters Degree",Yes,"Masters Degree Attrition"
403,"Associates Degree",No,"Associates Degree Retention"
404,"Masters Degree",No,"Masters Degree Retention"
405,"High School",Yes,"High School Attrition"
406,"Bachelors Degree",No,"Bachelors Degree Retention"
407,"Doctoral Degree",No,"Doctoral Degree Retention"
408,"Bachelors Degree",No,"Bachelors Degree Retention"
410,"Associates Degree",No,"Associates Degree Retention"
411,"High School",No,"High School Retention"
412,"Associates Degree",No,"Associates Degree Retention"
416,"Doctoral Degree",No,"Doctoral Degree Retention"
417,"Doctoral Degree",No,"Doctoral Degree Retention"
419,"Associates Degree",No,"Associates Degree Retention"
420,"Masters Degree",No,"Masters Degree Retention"
421,"Masters Degree",No,"Masters Degree Retention"
422,"Associates Degree",No,"Associates Degree Retention"
423,"Bachelors Degree",No,"Bachelors Degree Retention"
424,"Doctoral Degree",No,"Doctoral Degree Retention"
425,"Bachelors Degree",No,"Bachelors Degree Retention"
426,"Bachelors Degree",No,"Bachelors Degree Retention"
428,"Associates Degree",No,"Associates Degree Retention"
429,"Associates Degree",No,"Associates Degree Retention"
430,"Masters Degree",No,"Masters Degree Retention"
431,"Bachelors Degree",No,"Bachelors Degree Retention"
433,"Doctoral Degree",Yes,"Doctoral Degree Attrition"
434,"Doctoral Degree",No,"Doctoral Degree Retention"
436,"Associates Degree",No,"Associates Degree Retention"
437,"Bachelors Degree",No,"Bachelors Degree Retention"
438,"Bachelors Degree",No,"Bachelors Degree Retention"
439,"Doctoral Degree",No,"Doctoral Degree Retention"
440,"Masters Degree",Yes,"Masters Degree Attrition"
441,"Masters Degree",No,"Masters Degree Retention"
442,"Associates Degree",No,"Associates Degree Retention"
444,"Bachelors Degree",No,"Bachelors Degree Retention"
445,"Associates Degree",Yes,"Associates Degree Attrition"
446,"Masters Degree",No,"Masters Degree Retention"
447,"Doctoral Degree",No,"Doctoral Degree Retention"
448,"Associates Degree",No,"Associates Degree Retention"
449,"Masters Degree",No,"Masters Degree Retention"
450,"Bachelors Degree",No,"Bachelors Degree Retention"
451,"Bachelors Degree",No,"Bachelors Degree Retention"
452,"Associates Degree",No,"Associates Degree Retention"
453,"Doctoral Degree",No,"Doctoral Degree Retention"
454,"Bachelors Degree",Yes,"Bachelors Degree Attrition"
455,"Masters Degree",No,"Masters Degree Retention"
456,"Bachelors Degree",No,"Bachelors Degree Retention"
458,"Doctoral Degree",No,"Doctoral Degree Retention"
460,"Doctoral Degree",No,"Doctoral Degree Retention"
461,"Bachelors Degree",No,"Bachelors Degree Retention"
462,"Masters Degree",No,"Masters Degree Retention"
463,"Associates Degree",No,"Associates Degree Retention"
464,"Bachelors Degree",No,"Bachelors Degree Retention"
465,"Bachelors Degree",No,"Bachelors Degree Retention"
466,"Masters Degree",No,"Masters Degree Retention"
467,"Masters Degree",No,"Masters Degree Retention"
468,"Masters Degree",No,"Masters Degree Retention"
469,"Bachelors Degree",No,"Bachelors Degree Retention"
470,"Masters Degree",No,"Masters Degree Retention"
471,"Doctoral Degree",No,"Doctoral Degree Retention"
473,"Associates Degree",No,"Associates Degree Retention"
474,"Doctoral Degree",No,"Doctoral Degree Retention"
475,"Bachelors Degree",No,"Bachelors Degree Retention"
476,"Bachelors Degree",No,"Bachelors Degree Retention"
477,"Associates Degree",No,"Associates Degree Retention"
478,"High School",Yes,"High School Attrition"
479,"Masters Degree",No,"Masters Degree Retention"
481,"Doctoral Degree",No,"Doctoral Degree Retention"
482,"Doctoral Degree",No,"Doctoral Degree Retention"
483,"Associates Degree",No,"Associates Degree Retention"
484,"High School",No,"High School Retention"
485,"Masters Degree",Yes,"Masters Degree Attrition"
486,"Bachelors Degree",No,"Bachelors Degree Retention"
487,"Doctoral Degree",No,"Doctoral Degree Retention"
488,"Masters Degree",Yes,"Masters Degree Attrition"
491,"Doctoral Degree",No,"Doctoral Degree Retention"
492,"Doctoral Degree",Yes,"Doctoral Degree Attrition"
493,"Associates Degree",No,"Associates Degree Retention"
494,"Associates Degree",Yes,"Associates Degree Attrition"
495,"Masters Degree",No,"Masters Degree Retention"
496,"Doctoral Degree",No,"Doctoral Degree Retention"
497,"Bachelors Degree",No,"Bachelors Degree Retention"
498,"Masters Degree",No,"Masters Degree Retention"
499,"Doctoral Degree",No,"Doctoral Degree Retention"
500,"Masters Degree",No,"Masters Degree Retention"
501,"Associates Degree",No,"Associates Degree Retention"
502,"Masters Degree",Yes,"Masters Degree Attrition"
505,"Doctoral Degree",No,"Doctoral Degree Retention"
507,"Associates Degree",No,"Associates Degree Retention"
508,"Associates Degree",No,"Associates Degree Retention"
510,"Doctoral Degree",Yes,"Doctoral Degree Attrition"
511,"Bachelors Degree",No,"Bachelors Degree Retention"
513,"Associates Degree",No,"Associates Degree Retention"
514,"Doctoral Degree",Yes,"Doctoral Degree Attrition"
515,"Associates Degree",No,"Associates Degree Retention"
516,"Doctoral Degree",No,"Doctoral Degree Retention"
517,"Bachelors Degree",No,"Bachelors Degree Retention"
518,"Doctoral Degree",No,"Doctoral Degree Retention"
520,"Doctoral Degree",No,"Doctoral Degree Retention"
521,"Associates Degree",No,"Associates Degree Retention"
522,"Bachelors Degree",No,"Bachelors Degree Retention"
523,"Doctoral Degree",No,"Doctoral Degree Retention"
524,"Associates Degree",No,"Associates Degree Retention"
525,"Bachelors Degree",No,"Bachelors Degree Retention"
526,"Bachelors Degree",No,"Bachelors Degree Retention"
527,"Associates Degree",No,"Associates Degree Retention"
529,"Doctoral Degree",No,"Doctoral Degree Retention"
530,"Masters Degree",No,"Masters Degree Retention"
531,"Bachelors Degree",No,"Bachelors Degree Retention"
532,"Masters Degree",No,"Masters Degree Retention"
533,"Bachelors Degree",No,"Bachelors Degree Retention"
534,"Doctoral Degree",No,"Doctoral Degree Retention"
536,"Bachelors Degree",No,"Bachelors Degree Retention"
538,"Associates Degree",Yes,"Associates Degree Attrition"
543,"Masters Degree",No,"Masters Degree Retention"
544,"Associates Degree",No,"Associates Degree Retention"
546,"Doctoral Degree",No,"Doctoral Degree Retention"
547,"Bachelors Degree",No,"Bachelors Degree Retention"
548,"Doctoral Degree",No,"Doctoral Degree Retention"
549,"Bachelors Degree",No,"Bachelors Degree Retention"
550,"Masters Degree",No,"Masters Degree Retention"
551,"Masters Degree",No,"Masters Degree Retention"
554,"Associates Degree",Yes,"Associates Degree Attrition"
555,"Bachelors Degree",Yes,"Bachelors Degree Attrition"
556,"Associates Degree",No,"Associates Degree Retention"
558,"Masters Degree",No,"Masters Degree Retention"
560,"Associates Degree",No,"Associates Degree Retention"
562,"Masters Degree",No,"Masters Degree Retention"
564,"Doctoral Degree",No,"Doctoral Degree Retention"
565,"Masters Degree",Yes,"Masters Degree Attrition"
566,"High School",Yes,"High School Attrition"
567,"Masters Degree",No,"Masters Degree Retention"
568,"Bachelors Degree",No,"Bachelors Degree Retention"
569,"Associates Degree",No,"Associates Degree Retention"
571,"Masters Degree",No,"Masters Degree Retention"
573,"Associates Degree",No,"Associates Degree Retention"
574,"Doctoral Degree",No,"Doctoral Degree Retention"
575,"Associates Degree",No,"Associates Degree Retention"
577,"Bachelors Degree",No,"Bachelors Degree Retention"
578,"Masters Degree",No,"Masters Degree Retention"
579,"Bachelors Degree",No,"Bachelors Degree Retention"
580,"Bachelors Degree",No,"Bachelors Degree Retention"
581,"Doctoral Degree",No,"Doctoral Degree Retention"
582,"Doctoral Degree",Yes,"Doctoral Degree Attrition"
584,"Masters Degree",Yes,"Masters Degree Attrition"
585,"Associates Degree",No,"Associates Degree Retention"
586,"Doctoral Degree",No,"Doctoral Degree Retention"
587,"Doctoral Degree",Yes,"Doctoral Degree Attrition"
590,"Associates Degree",Yes,"Associates Degree Attrition"
591,"Associates Degree",No,"Associates Degree Retention"
592,"Associates Degree",No,"Associates Degree Retention"
593,"High School",Yes,"High School Attrition"
595,"Masters Degree",No,"Masters Degree Retention"
597,"Bachelors Degree",No,"Bachelors Degree Retention"
599,"Masters Degree",No,"Masters Degree Retention"
600,"Bachelors Degree",No,"Bachelors Degree Retention"
601,"Associates Degree",No,"Associates Degree Retention"
602,"Associates Degree",No,"Associates Degree Retention"
604,"Masters Degree",No,"Masters Degree Retention"
605,"Bachelors Degree",No,"Bachelors Degree Retention"
606,"Bachelors Degree",No,"Bachelors Degree Retention"
608,"Associates Degree",Yes,"Associates Degree Attrition"
611,"Associates Degree",No,"Associates Degree Retention"
612,"Bachelors Degree",No,"Bachelors Degree Retention"
613,"Bachelors Degree",No,"Bachelors Degree Retention"
614,"High School",Yes,"High School Attrition"
615,"Associates Degree",No,"Associates Degree Retention"
616,"Doctoral Degree",No,"Doctoral Degree Retention"
618,"Associates Degree",No,"Associates Degree Retention"
620,"Masters Degree",No,"Masters Degree Retention"
621,"Doctoral Degree",No,"Doctoral Degree Retention"
622,"Doctoral Degree",Yes,"Doctoral Degree Attrition"
623,"Bachelors Degree",No,"Bachelors Degree Retention"
624,"Masters Degree",No,"Masters Degree Retention"
625,"Bachelors Degree",No,"Bachelors Degree Retention"
626,"Associates Degree",No,"Associates Degree Retention"
630,"Masters Degree",No,"Masters Degree Retention"
631,"Bachelors Degree",Yes,"Bachelors Degree Attrition"
632,"Masters Degree",No,"Masters Degree Retention"
634,"Masters Degree",No,"Masters Degree Retention"
635,"Doctoral Degree",No,"Doctoral Degree Retention"
638,"Associates Degree",No,"Associates Degree Retention"
639,"Associates Degree",No,"Associates Degree Retention"
641,"Bachelors Degree",No,"Bachelors Degree Retention"
643,"Bachelors Degree",No,"Bachelors Degree Retention"
644,"Doctoral Degree",No,"Doctoral Degree Retention"
645,"Bachelors Degree",No,"Bachelors Degree Retention"
647,"Masters Degree",Yes,"Masters Degree Attrition"
648,"Masters Degree",Yes,"Masters Degree Attrition"
649,"Doctoral Degree",No,"Doctoral Degree Retention"
650,"Bachelors Degree",Yes,"Bachelors Degree Attrition"
652,"Doctoral Degree",No,"Doctoral Degree Retention"
653,"Bachelors Degree",No,"Bachelors Degree Retention"
655,"Associates Degree",No,"Associates Degree Retention"
656,"Associates Degree",No,"Associates Degree Retention"
657,"High School",No,"High School Retention"
659,"Doctoral Degree",No,"Doctoral Degree Retention"
661,"Masters Degree",No,"Masters Degree Retention"
662,"Masters Degree",No,"Masters Degree Retention"
663,"Masters Degree",No,"Masters Degree Retention"
664,"Masters Degree",No,"Masters Degree Retention"
665,"Masters Degree",No,"Masters Degree Retention"
666,"Bachelors Degree",No,"Bachelors Degree Retention"
667,"Masters Degree",Yes,"Masters Degree Attrition"
669,"Bachelors Degree",No,"Bachelors Degree Retention"
671,"Doctoral Degree",No,"Doctoral Degree Retention"
675,"Bachelors Degree",No,"Bachelors Degree Retention"
677,"Doctoral Degree",No,"Doctoral Degree Retention"
679,"Bachelors Degree",No,"Bachelors Degree Retention"
680,"Associates Degree",No,"Associates Degree Retention"
682,"Bachelors Degree",No,"Bachelors Degree Retention"
683,"Bachelors Degree",No,"Bachelors Degree Retention"
684,"Bachelors Degree",Yes,"Bachelors Degree Attrition"
686,"Bachelors Degree",No,"Bachelors Degree Retention"
689,"Bachelors Degree",No,"Bachelors Degree Retention"
690,"Bachelors Degree",No,"Bachelors Degree Retention"
691,"Bachelors Degree",No,"Bachelors Degree Retention"
692,"Associates Degree",No,"Associates Degree Retention"
698,"Bachelors Degree",No,"Bachelors Degree Retention"
699,"Masters Degree",No,"Masters Degree Retention"
700,"Bachelors Degree",No,"Bachelors Degree Retention"
701,"High School",Yes,"High School Attrition"
702,"Associates Degree",Yes,"Associates Degree Attrition"
704,"Doctoral Degree",No,"Doctoral Degree Retention"
705,"Bachelors Degree",No,"Bachelors Degree Retention"
707,"Bachelors Degree",No,"Bachelors Degree Retention"
709,"Doctoral Degree",No,"Doctoral Degree Retention"
710,"Bachelors Degree",No,"Bachelors Degree Retention"
712,"Doctoral Degree",No,"Doctoral Degree Retention"
714,"Associates Degree",No,"Associates Degree Retention"
715,"Associates Degree",No,"Associates Degree Retention"
716,"Masters Degree",No,"Masters Degree Retention"
717,"Masters Degree",No,"Masters Degree Retention"
720,"Masters Degree",Yes,"Masters Degree Attrition"
721,"Bachelors Degree",No,"Bachelors Degree Retention"
722,"Doctoral Degree",No,"Doctoral Degree Retention"
723,"Masters Degree",Yes,"Masters Degree Attrition"
724,"Associates Degree",No,"Associates Degree Retention"
725,"Bachelors Degree",No,"Bachelors Degree Retention"
727,"Masters Degree",No,"Masters Degree Retention"
728,"Doctoral Degree",No,"Doctoral Degree Retention"
729,"Masters Degree",No,"Masters Degree Retention"
730,"Doctoral Degree",No,"Doctoral Degree Retention"
731,"Doctoral Degree",No,"Doctoral Degree Retention"
732,"Associates Degree",No,"Associates Degree Retention"
733,"Doctoral Degree",No,"Doctoral Degree Retention"
734,"Associates Degree",No,"Associates Degree Retention"
738,"Doctoral Degree",No,"Doctoral Degree Retention"
741,"Masters Degree",Yes,"Masters Degree Attrition"
742,"Associates Degree",No,"Associates Degree Retention"
743,"Doctoral Degree",No,"Doctoral Degree Retention"
744,"Doctoral Degree",No,"Doctoral Degree Retention"
746,"Masters Degree",No,"Masters Degree Retention"
747,"Masters Degree",No,"Masters Degree Retention"
749,"Masters Degree",No,"Masters Degree Retention"
752,"Doctoral Degree",Yes,"Doctoral Degree Attrition"
754,"Doctoral Degree",No,"Doctoral Degree Retention"
757,"Associates Degree",No,"Associates Degree Retention"
758,"Associates Degree",No,"Associates Degree Retention"
760,"Associates Degree",No,"Associates Degree Retention"
762,"Masters Degree",No,"Masters Degree Retention"
763,"Masters Degree",No,"Masters Degree Retention"
764,"Bachelors Degree",No,"Bachelors Degree Retention"
766,"Bachelors Degree",No,"Bachelors Degree Retention"
769,"Associates Degree",No,"Associates Degree Retention"
771,"Bachelors Degree",No,"Bachelors Degree Retention"
772,"Bachelors Degree",No,"Bachelors Degree Retention"
773,"Masters Degree",No,"Masters Degree Retention"
775,"Associates Degree",No,"Associates Degree Retention"
776,"Bachelors Degree",No,"Bachelors Degree Retention"
780,"Associates Degree",Yes,"Associates Degree Attrition"
781,"Masters Degree",No,"Masters Degree Retention"
783,"Masters Degree",No,"Masters Degree Retention"
784,"Associates Degree",No,"Associates Degree Retention"
785,"Doctoral Degree",Yes,"Doctoral Degree Attrition"
786,"Masters Degree",No,"Masters Degree Retention"
787,"Doctoral Degree",Yes,"Doctoral Degree Attrition"
789,"Masters Degree",No,"Masters Degree Retention"
791,"Bachelors Degree",No,"Bachelors Degree Retention"
792,"Masters Degree",No,"Masters Degree Retention"
793,"Associates Degree",No,"Associates Degree Retention"
796,"Associates Degree",Yes,"Associates Degree Attrition"
797,"Bachelors Degree",No,"Bachelors Degree Retention"
799,"Associates Degree",No,"Associates Degree Retention"
800,"Associates Degree",No,"Associates Degree Retention"
802,"Associates Degree",No,"Associates Degree Retention"
803,"Associates Degree",No,"Associates Degree Retention"
804,"Associates Degree",No,"Associates Degree Retention"
805,"Associates Degree",No,"Associates Degree Retention"
806,"Masters Degree",No,"Masters Degree Retention"
807,"Doctoral Degree",No,"Doctoral Degree Retention"
808,"Masters Degree",No,"Masters Degree Retention"
809,"Bachelors Degree",No,"Bachelors Degree Retention"
811,"Associates Degree",Yes,"Associates Degree Attrition"
812,"Masters Degree",No,"Masters Degree Retention"
813,"Doctoral Degree",No,"Doctoral Degree Retention"
815,"Doctoral Degree",No,"Doctoral Degree Retention"
816,"Associates Degree",Yes,"Associates Degree Attrition"
817,"Bachelors Degree",No,"Bachelors Degree Retention"
819,"Associates Degree",Yes,"Associates Degree Attrition"
820,"Masters Degree",No,"Masters Degree Retention"
823,"Masters Degree",No,"Masters Degree Retention"
824,"Bachelors Degree",No,"Bachelors Degree Retention"
825,"Doctoral Degree",Yes,"Doctoral Degree Attrition"
826,"Associates Degree",No,"Associates Degree Retention"
827,"Doctoral Degree",No,"Doctoral Degree Retention"
828,"Associates Degree",Yes,"Associates Degree Attrition"
829,"Doctoral Degree",No,"Doctoral Degree Retention"
830,"Doctoral Degree",No,"Doctoral Degree Retention"
832,"Bachelors Degree",No,"Bachelors Degree Retention"
833,"Doctoral Degree",No,"Doctoral Degree Retention"
834,"Bachelors Degree",No,"Bachelors Degree Retention"
836,"Bachelors Degree",No,"Bachelors Degree Retention"
837,"Associates Degree",No,"Associates Degree Retention"
838,"Associates Degree",No,"Associates Degree Retention"
840,"Masters Degree",Yes,"Masters Degree Attrition"
842,"Associates Degree",Yes,"Associates Degree Attrition"
843,"Associates Degree",No,"Associates Degree Retention"
844,"Bachelors Degree",No,"Bachelors Degree Retention"
845,"Masters Degree",No,"Masters Degree Retention"
846,"Doctoral Degree",No,"Doctoral Degree Retention"
847,"Doctoral Degree",No,"Doctoral Degree Retention"
848,"Associates Degree",Yes,"Associates Degree Attrition"
850,"Bachelors Degree",No,"Bachelors Degree Retention"
851,"Doctoral Degree",No,"Doctoral Degree Retention"
852,"Masters Degree",No,"Masters Degree Retention"
854,"Associates Degree",No,"Associates Degree Retention"
855,"Masters Degree",No,"Masters Degree Retention"
856,"Masters Degree",No,"Masters Degree Retention"
857,"Bachelors Degree",No,"Bachelors Degree Retention"
859,"Masters Degree",No,"Masters Degree Retention"
861,"Bachelors Degree",No,"Bachelors Degree Retention"
862,"Bachelors Degree",No,"Bachelors Degree Retention"
864,"Bachelors Degree",No,"Bachelors Degree Retention"
865,"Associates Degree",No,"Associates Degree Retention"
867,"Masters Degree",No,"Masters Degree Retention"
868,"Masters Degree",No,"Masters Degree Retention"
869,"Associates Degree",No,"Associates Degree Retention"
872,"High School",No,"High School Retention"
874,"Doctoral Degree",No,"Doctoral Degree Retention"
875,"Bachelors Degree",No,"Bachelors Degree Retention"
878,"Doctoral Degree",No,"Doctoral Degree Retention"
879,"Associates Degree",No,"Associates Degree Retention"
880,"Masters Degree",No,"Masters Degree Retention"
881,"Doctoral Degree",Yes,"Doctoral Degree Attrition"
882,"Bachelors Degree",No,"Bachelors Degree Retention"
885,"Masters Degree",No,"Masters Degree Retention"
887,"Masters Degree",No,"Masters Degree Retention"
888,"Bachelors Degree",No,"Bachelors Degree Retention"
889,"Associates Degree",No,"Associates Degree Retention"
893,"Associates Degree",No,"Associates Degree Retention"
894,"Masters Degree",No,"Masters Degree Retention"
895,"Associates Degree",No,"Associates Degree Retention"
896,"Masters Degree",Yes,"Masters Degree Attrition"
897,"Bachelors Degree",No,"Bachelors Degree Retention"
899,"Doctoral Degree",No,"Doctoral Degree Retention"
900,"Doctoral Degree",No,"Doctoral Degree Retention"
901,"Doctoral Degree",No,"Doctoral Degree Retention"
902,"Masters Degree",No,"Masters Degree Retention"
903,"Doctoral Degree",No,"Doctoral Degree Retention"
904,"Associates Degree",No,"Associates Degree Retention"
905,"Bachelors Degree",No,"Bachelors Degree Retention"
909,"Associates Degree",No,"Associates Degree Retention"
910,"Doctoral Degree",No,"Doctoral Degree Retention"
911,"Associates Degree",Yes,"Associates Degree Attrition"
912,"Associates Degree",No,"Associates Degree Retention"
913,"Bachelors Degree",No,"Bachelors Degree Retention"
916,"Doctoral Degree",No,"Doctoral Degree Retention"
918,"Bachelors Degree",Yes,"Bachelors Degree Attrition"
920,"Associates Degree",No,"Associates Degree Retention"
922,"High School",Yes,"High School Attrition"
923,"Associates Degree",Yes,"Associates Degree Attrition"
924,"Doctoral Degree",No,"Doctoral Degree Retention"
925,"Masters Degree",No,"Masters Degree Retention"
926,"High School",Yes,"High School Attrition"
927,"Bachelors Degree",Yes,"Bachelors Degree Attrition"
930,"Bachelors Degree",No,"Bachelors Degree Retention"
932,"Bachelors Degree",Yes,"Bachelors Degree Attrition"
933,"Associates Degree",No,"Associates Degree Retention"
934,"Bachelors Degree",No,"Bachelors Degree Retention"
936,"Masters Degree",No,"Masters Degree Retention"
939,"Masters Degree",No,"Masters Degree Retention"
940,"Doctoral Degree",No,"Doctoral Degree Retention"
941,"Doctoral Degree",No,"Doctoral Degree Retention"
942,"Associates Degree",No,"Associates Degree Retention"
944,"Masters Degree",No,"Masters Degree Retention"
945,"Masters Degree",No,"Masters Degree Retention"
947,"Associates Degree",No,"Associates Degree Retention"
949,"Bachelors Degree",No,"Bachelors Degree Retention"
950,"Doctoral Degree",No,"Doctoral Degree Retention"
951,"Doctoral Degree",No,"Doctoral Degree Retention"
952,"Associates Degree",Yes,"Associates Degree Attrition"
954,"Bachelors Degree",No,"Bachelors Degree Retention"
956,"Masters Degree",No,"Masters Degree Retention"
957,"Bachelors Degree",No,"Bachelors Degree Retention"
958,"Doctoral Degree",No,"Doctoral Degree Retention"
959,"High School",Yes,"High School Attrition"
960,"High School",Yes,"High School Attrition"
961,"Associates Degree",No,"Associates Degree Retention"
964,"Masters Degree",No,"Masters Degree Retention"
966,"Associates Degree",No,"Associates Degree Retention"
967,"Doctoral Degree",Yes,"Doctoral Degree Attrition"
969,"Masters Degree",No,"Masters Degree Retention"
970,"Bachelors Degree",Yes,"Bachelors Degree Attrition"
972,"Masters Degree",No,"Masters Degree Retention"
974,"Masters Degree",No,"Masters Degree Retention"
975,"Associates Degree",No,"Associates Degree Retention"
976,"Associates Degree",No,"Associates Degree Retention"
977,"Masters Degree",Yes,"Masters Degree Attrition"
981,"Masters Degree",No,"Masters Degree Retention"
982,"Masters Degree",No,"Masters Degree Retention"
983,"Doctoral Degree",No,"Doctoral Degree Retention"
984,"Associates Degree",No,"Associates Degree Retention"
985,"Associates Degree",No,"Associates Degree Retention"
986,"Doctoral Degree",Yes,"Doctoral Degree Attrition"
987,"Associates Degree",No,"Associates Degree Retention"
990,"Masters Degree",No,"Masters Degree Retention"
991,"Doctoral Degree",Yes,"Doctoral Degree Attrition"
992,"Doctoral Degree",No,"Doctoral Degree Retention"
994,"Bachelors Degree",Yes,"Bachelors Degree Attrition"
995,"Doctoral Degree",No,"Doctoral Degree Retention"
996,"Doctoral Degree",No,"Doctoral Degree Retention"
997,"Masters Degree",No,"Masters Degree Retention"
998,"Doctoral Degree",No,"Doctoral Degree Retention"
999,"Associates Degree",No,"Associates Degree Retention"
1001,"Associates Degree",No,"Associates Degree Retention"
1002,"Doctoral Degree",No,"Doctoral Degree Retention"
1003,"Doctoral Degree",No,"Doctoral Degree Retention"
1004,"Bachelors Degree",Yes,"Bachelors Degree Attrition"
1005,"Doctoral Degree",No,"Doctoral Degree Retention"
1006,"Associates Degree",No,"Associates Degree Retention"
1007,"Associates Degree",No,"Associates Degree Retention"
1009,"Masters Degree",No,"Masters Degree Retention"
1010,"Associates Degree",Yes,"Associates Degree Attrition"
1011,"Doctoral Degree",No,"Doctoral Degree Retention"
1012,"High School",No,"High School Retention"
1013,"Associates Degree",No,"Associates Degree Retention"
1014,"Bachelors Degree",No,"Bachelors Degree Retention"
1015,"Doctoral Degree",No,"Doctoral Degree Retention"
1016,"High School",Yes,"High School Attrition"
1017,"Doctoral Degree",Yes,"Doctoral Degree Attrition"
1018,"Doctoral Degree",No,"Doctoral Degree Retention"
1019,"Bachelors Degree",No,"Bachelors Degree Retention"
1022,"Associates Degree",No,"Associates Degree Retention"
1024,"Associates Degree",No,"Associates Degree Retention"
1025,"Associates Degree",No,"Associates Degree Retention"
1026,"Masters Degree",No,"Masters Degree Retention"
1027,"Bachelors Degree",No,"Bachelors Degree Retention"
1028,"Bachelors Degree",No,"Bachelors Degree Retention"
1029,"Associates Degree",No,"Associates Degree Retention"
1030,"Associates Degree",No,"Associates Degree Retention"
1032,"Associates Degree",No,"Associates Degree Retention"
1033,"Bachelors Degree",Yes,"Bachelors Degree Attrition"
1034,"Doctoral Degree",No,"Doctoral Degree Retention"
1035,"Masters Degree",No,"Masters Degree Retention"
1036,"Masters Degree",No,"Masters Degree Retention"
1037,"Bachelors Degree",Yes,"Bachelors Degree Attrition"
1038,"Masters Degree",Yes,"Masters Degree Attrition"
1039,"Masters Degree",No,"Masters Degree Retention"
1040,"Associates Degree",No,"Associates Degree Retention"
1042,"Associates Degree",Yes,"Associates Degree Attrition"
1043,"Masters Degree",No,"Masters Degree Retention"
1044,"Associates Degree",No,"Associates Degree Retention"
1045,"Masters Degree",No,"Masters Degree Retention"
1046,"Associates Degree",No,"Associates Degree Retention"
1047,"Bachelors Degree",No,"Bachelors Degree Retention"
1048,"Masters Degree",No,"Masters Degree Retention"
1049,"Bachelors Degree",No,"Bachelors Degree Retention"
1050,"Masters Degree",No,"Masters Degree Retention"
1052,"Associates Degree",Yes,"Associates Degree Attrition"
1053,"Bachelors Degree",Yes,"Bachelors Degree Attrition"
1055,"Bachelors Degree",No,"Bachelors Degree Retention"
1056,"Associates Degree",No,"Associates Degree Retention"
1060,"Masters Degree",No,"Masters Degree Retention"
1061,"Masters Degree",No,"Masters Degree Retention"
1062,"Bachelors Degree",No,"Bachelors Degree Retention"
1066,"Associates Degree",No,"Associates Degree Retention"
1068,"Masters Degree",No,"Masters Degree Retention"
1069,"Associates Degree",No,"Associates Degree Retention"
1070,"Doctoral Degree",No,"Doctoral Degree Retention"
1071,"Bachelors Degree",No,"Bachelors Degree Retention"
1073,"Bachelors Degree",No,"Bachelors Degree Retention"
1074,"Masters Degree",No,"Masters Degree Retention"
1076,"Bachelors Degree",No,"Bachelors Degree Retention"
1077,"High School",Yes,"High School Attrition"
1079,"High School",Yes,"High School Attrition"
1080,"Bachelors Degree",No,"Bachelors Degree Retention"
1081,"Associates Degree",Yes,"Associates Degree Attrition"
1082,"Masters Degree",Yes,"Masters Degree Attrition"
1083,"Doctoral Degree",No,"Doctoral Degree Retention"
1084,"Bachelors Degree",No,"Bachelors Degree Retention"
1085,"Doctoral Degree",No,"Doctoral Degree Retention"
1088,"Masters Degree",No,"Masters Degree Retention"
1092,"Associates Degree",No,"Associates Degree Retention"
1094,"Associates Degree",No,"Associates Degree Retention"
1096,"Masters Degree",No,"Masters Degree Retention"
1097,"Associates Degree",No,"Associates Degree Retention"
1098,"Associates Degree",Yes,"Associates Degree Attrition"
1099,"Masters Degree",No,"Masters Degree Retention"
1100,"Doctoral Degree",Yes,"Doctoral Degree Attrition"
1101,"Associates Degree",Yes,"Associates Degree Attrition"
1102,"Masters Degree",No,"Masters Degree Retention"
1103,"Masters Degree",No,"Masters Degree Retention"
1105,"Associates Degree",No,"Associates Degree Retention"
1106,"Masters Degree",Yes,"Masters Degree Attrition"
1107,"Associates Degree",Yes,"Associates Degree Attrition"
1108,"Doctoral Degree",Yes,"Doctoral Degree Attrition"
1109,"Masters Degree",No,"Masters Degree Retention"
1111,"Associates Degree",Yes,"Associates Degree Attrition"
1113,"Associates Degree",Yes,"Associates Degree Attrition"
1114,"Bachelors Degree",No,"Bachelors Degree Retention"
1115,"Bachelors Degree",No,"Bachelors Degree Retention"
1116,"Masters Degree",No,"Masters Degree Retention"
1117,"Associates Degree",No,"Associates Degree Retention"
1118,"Doctoral Degree",No,"Doctoral Degree Retention"
1119,"Doctoral Degree",No,"Doctoral Degree Retention"
1120,"Masters Degree",No,"Masters Degree Retention"
1121,"Associates Degree",No,"Associates Degree Retention"
1124,"Bachelors Degree",No,"Bachelors Degree Retention"
1125,"Masters Degree",No,"Masters Degree Retention"
1126,"Associates Degree",No,"Associates Degree Retention"
1127,"Masters Degree",Yes,"Masters Degree Attrition"
1128,"Associates Degree",No,"Associates Degree Retention"
1131,"High School",No,"High School Retention"
1132,"Masters Degree",No,"Masters Degree Retention"
1133,"Bachelors Degree",No,"Bachelors Degree Retention"
1135,"Bachelors Degree",No,"Bachelors Degree Retention"
1136,"Associates Degree",No,"Associates Degree Retention"
1137,"Doctoral Degree",No,"Doctoral Degree Retention"
1138,"Bachelors Degree",No,"Bachelors Degree Retention"
1140,"Associates Degree",No,"Associates Degree Retention"
1143,"Bachelors Degree",No,"Bachelors Degree Retention"
1148,"Masters Degree",No,"Masters Degree Retention"
1150,"Masters Degree",No,"Masters Degree Retention"
1152,"Masters Degree",No,"Masters Degree Retention"
1154,"Masters Degree",No,"Masters Degree Retention"
1156,"High School",Yes,"High School Attrition"
1157,"Doctoral Degree",Yes,"Doctoral Degree Attrition"
1158,"Doctoral Degree",No,"Doctoral Degree Retention"
1160,"Bachelors Degree",Yes,"Bachelors Degree Attrition"
1161,"Doctoral Degree",No,"Doctoral Degree Retention"
1162,"Bachelors Degree",No,"Bachelors Degree Retention"
1163,"Doctoral Degree",No,"Doctoral Degree Retention"
1164,"Bachelors Degree",No,"Bachelors Degree Retention"
1165,"Associates Degree",Yes,"Associates Degree Attrition"
1166,"Doctoral Degree",No,"Doctoral Degree Retention"
1167,"Masters Degree",Yes,"Masters Degree Attrition"
1171,"Associates Degree",No,"Associates Degree Retention"
1172,"Bachelors Degree",No,"Bachelors Degree Retention"
1173,"Masters Degree",No,"Masters Degree Retention"
1175,"Masters Degree",Yes,"Masters Degree Attrition"
1177,"Doctoral Degree",No,"Doctoral Degree Retention"
1179,"Doctoral Degree",No,"Doctoral Degree Retention"
1180,"Masters Degree",No,"Masters Degree Retention"
1182,"Doctoral Degree",No,"Doctoral Degree Retention"
1184,"Associates Degree",No,"Associates Degree Retention"
1185,"Masters Degree",No,"Masters Degree Retention"
1188,"Bachelors Degree",Yes,"Bachelors Degree Attrition"
1190,"Associates Degree",No,"Associates Degree Retention"
1191,"Doctoral Degree",No,"Doctoral Degree Retention"
1192,"Associates Degree",No,"Associates Degree Retention"
1193,"High School",No,"High School Retention"
1195,"Associates Degree",No,"Associates Degree Retention"
1196,"Bachelors Degree",No,"Bachelors Degree Retention"
1198,"High School",No,"High School Retention"
1200,"Bachelors Degree",Yes,"Bachelors Degree Attrition"
1201,"Doctoral Degree",No,"Doctoral Degree Retention"
1202,"Doctoral Degree",No,"Doctoral Degree Retention"
1203,"High School",Yes,"High School Attrition"
1204,"Masters Degree",No,"Masters Degree Retention"
1206,"Associates Degree",No,"Associates Degree Retention"
1207,"Associates Degree",No,"Associates Degree Retention"
1210,"Doctoral Degree",Yes,"Doctoral Degree Attrition"
1211,"Associates Degree",No,"Associates Degree Retention"
1212,"Masters Degree",No,"Masters Degree Retention"
1215,"Associates Degree",No,"Associates Degree Retention"
1216,"Doctoral Degree",No,"Doctoral Degree Retention"
1217,"Bachelors Degree",No,"Bachelors Degree Retention"
1218,"Bachelors Degree",No,"Bachelors Degree Retention"
1219,"Bachelors Degree",Yes,"Bachelors Degree Attrition"
1220,"Associates Degree",No,"Associates Degree Retention"
1221,"Bachelors Degree",No,"Bachelors Degree Retention"
1224,"Doctoral Degree",No,"Doctoral Degree Retention"
1225,"Bachelors Degree",No,"Bachelors Degree Retention"
1226,"High School",No,"High School Retention"
1228,"Associates Degree",No,"Associates Degree Retention"
1231,"Doctoral Degree",No,"Doctoral Degree Retention"
1233,"Doctoral Degree",No,"Doctoral Degree Retention"
1234,"Bachelors Degree",No,"Bachelors Degree Retention"
1235,"Doctoral Degree",No,"Doctoral Degree Retention"
1237,"Doctoral Degree",No,"Doctoral Degree Retention"
1238,"Associates Degree",No,"Associates Degree Retention"
1239,"Masters Degree",No,"Masters Degree Retention"
1240,"Bachelors Degree",No,"Bachelors Degree Retention"
1241,"Doctoral Degree",No,"Doctoral Degree Retention"
1242,"Bachelors Degree",No,"Bachelors Degree Retention"
1243,"Masters Degree",No,"Masters Degree Retention"
1244,"Bachelors Degree",No,"Bachelors Degree Retention"
1245,"Masters Degree",No,"Masters Degree Retention"
1246,"Doctoral Degree",No,"Doctoral Degree Retention"
1248,"High School",Yes,"High School Attrition"
1249,"Associates Degree",No,"Associates Degree Retention"
1250,"Associates Degree",No,"Associates Degree Retention"
1251,"Associates Degree",No,"Associates Degree Retention"
1252,"Masters Degree",No,"Masters Degree Retention"
1254,"Masters Degree",No,"Masters Degree Retention"
1255,"Masters Degree",No,"Masters Degree Retention"
1256,"Associates Degree",No,"Associates Degree Retention"
1257,"Bachelors Degree",No,"Bachelors Degree Retention"
1258,"Associates Degree",No,"Associates Degree Retention"
1259,"Masters Degree",No,"Masters Degree Retention"
1260,"Doctoral Degree",No,"Doctoral Degree Retention"
1263,"Masters Degree",No,"Masters Degree Retention"
1264,"Doctoral Degree",No,"Doctoral Degree Retention"
1265,"Doctoral Degree",No,"Doctoral Degree Retention"
1267,"Associates Degree",No,"Associates Degree Retention"
1268,"Masters Degree",No,"Masters Degree Retention"
1269,"High School",No,"High School Retention"
1270,"Bachelors Degree",No,"Bachelors Degree Retention"
1273,"Masters Degree",Yes,"Masters Degree Attrition"
1275,"Doctoral Degree",No,"Doctoral Degree Retention"
1277,"Doctoral Degree",Yes,"Doctoral Degree Attrition"
1278,"Associates Degree",No,"Associates Degree Retention"
1279,"High School",Yes,"High School Attrition"
1280,"Masters Degree",No,"Masters Degree Retention"
1281,"Associates Degree",No,"Associates Degree Retention"
1282,"Masters Degree",No,"Masters Degree Retention"
1283,"Bachelors Degree",No,"Bachelors Degree Retention"
1285,"Associates Degree",No,"Associates Degree Retention"
1286,"Masters Degree",No,"Masters Degree Retention"
1288,"Doctoral Degree",No,"Doctoral Degree Retention"
1289,"Masters Degree",No,"Masters Degree Retention"
1291,"Bachelors Degree",No,"Bachelors Degree Retention"
1292,"Masters Degree",No,"Masters Degree Retention"
1293,"Masters Degree",No,"Masters Degree Retention"
1294,"Doctoral Degree",No,"Doctoral Degree Retention"
1295,"Masters Degree",Yes,"Masters Degree Attrition"
1296,"Masters Degree",No,"Masters Degree Retention"
1297,"Bachelors Degree",No,"Bachelors Degree Retention"
1298,"Masters Degree",No,"Masters Degree Retention"
1299,"Masters Degree",Yes,"Masters Degree Attrition"
1301,"Associates Degree",No,"Associates Degree Retention"
1303,"Masters Degree",No,"Masters Degree Retention"
1304,"Doctoral Degree",No,"Doctoral Degree Retention"
1306,"Masters Degree",No,"Masters Degree Retention"
1307,"Bachelors Degree",No,"Bachelors Degree Retention"
1308,"Bachelors Degree",No,"Bachelors Degree Retention"
1309,"Bachelors Degree",Yes,"Bachelors Degree Attrition"
1310,"Associates Degree",Yes,"Associates Degree Attrition"
1311,"Doctoral Degree",No,"Doctoral Degree Retention"
1312,"Bachelors Degree",No,"Bachelors Degree Retention"
1314,"Bachelors Degree",No,"Bachelors Degree Retention"
1315,"Bachelors Degree",No,"Bachelors Degree Retention"
1317,"Doctoral Degree",No,"Doctoral Degree Retention"
1318,"Associates Degree",Yes,"Associates Degree Attrition"
1319,"Bachelors Degree",Yes,"Bachelors Degree Attrition"
1321,"Doctoral Degree",No,"Doctoral Degree Retention"
1322,"Masters Degree",No,"Masters Degree Retention"
1324,"Doctoral Degree",No,"Doctoral Degree Retention"
1329,"Associates Degree",No,"Associates Degree Retention"
1331,"Associates Degree",Yes,"Associates Degree Attrition"
1333,"Associates Degree",Yes,"Associates Degree Attrition"
1334,"Doctoral Degree",No,"Doctoral Degree Retention"
1336,"Doctoral Degree",No,"Doctoral Degree Retention"
1338,"Associates Degree",No,"Associates Degree Retention"
1340,"Masters Degree",No,"Masters Degree Retention"
1344,"Masters Degree",No,"Masters Degree Retention"
1346,"Doctoral Degree",No,"Doctoral Degree Retention"
1349,"Masters Degree",No,"Masters Degree Retention"
1350,"Masters Degree",No,"Masters Degree Retention"
1352,"Bachelors Degree",No,"Bachelors Degree Retention"
1355,"Associates Degree",No,"Associates Degree Retention"
1356,"Associates Degree",No,"Associates Degree Retention"
1358,"Associates Degree",No,"Associates Degree Retention"
1360,"Doctoral Degree",Yes,"Doctoral Degree Attrition"
1361,"Associates Degree",No,"Associates Degree Retention"
1362,"Doctoral Degree",No,"Doctoral Degree Retention"
1363,"Associates Degree",No,"Associates Degree Retention"
1364,"Doctoral Degree",No,"Doctoral Degree Retention"
1367,"Associates Degree",No,"Associates Degree Retention"
1368,"High School",No,"High School Retention"
1369,"Masters Degree",No,"Masters Degree Retention"
1371,"Associates Degree",No,"Associates Degree Retention"
1372,"Associates Degree",Yes,"Associates Degree Attrition"
1373,"Masters Degree",No,"Masters Degree Retention"
1374,"Associates Degree",No,"Associates Degree Retention"
1375,"Bachelors Degree",No,"Bachelors Degree Retention"
1377,"Bachelors Degree",No,"Bachelors Degree Retention"
1379,"Masters Degree",Yes,"Masters Degree Attrition"
1380,"Doctoral Degree",Yes,"Doctoral Degree Attrition"
1382,"Associates Degree",No,"Associates Degree Retention"
1383,"Doctoral Degree",No,"Doctoral Degree Retention"
1387,"Masters Degree",No,"Masters Degree Retention"
1389,"Associates Degree",Yes,"Associates Degree Attrition"
1390,"Masters Degree",No,"Masters Degree Retention"
1391,"Bachelors Degree",No,"Bachelors Degree Retention"
1392,"Associates Degree",No,"Associates Degree Retention"
1394,"Doctoral Degree",No,"Doctoral Degree Retention"
1395,"Bachelors Degree",No,"Bachelors Degree Retention"
1396,"Bachelors Degree",No,"Bachelors Degree Retention"
1397,"Bachelors Degree",No,"Bachelors Degree Retention"
1399,"Bachelors Degree",No,"Bachelors Degree Retention"
1401,"Associates Degree",No,"Associates Degree Retention"
1402,"Bachelors Degree",No,"Bachelors Degree Retention"
1403,"Associates Degree",No,"Associates Degree Retention"
1405,"Masters Degree",Yes,"Masters Degree Attrition"
1407,"Masters Degree",No,"Masters Degree Retention"
1408,"Doctoral Degree",No,"Doctoral Degree Retention"
1409,"Doctoral Degree",No,"Doctoral Degree Retention"
1411,"Masters Degree",No,"Masters Degree Retention"
1412,"Doctoral Degree",No,"Doctoral Degree Retention"
1415,"Bachelors Degree",No,"Bachelors Degree Retention"
1417,"Associates Degree",No,"Associates Degree Retention"
1419,"Associates Degree",No,"Associates Degree Retention"
1420,"Bachelors Degree",Yes,"Bachelors Degree Attrition"
1421,"Associates Degree",Yes,"Associates Degree Attrition"
1422,"Associates Degree",No,"Associates Degree Retention"
1423,"Associates Degree",No,"Associates Degree Retention"
1424,"Associates Degree",No,"Associates Degree Retention"
1425,"Bachelors Degree",No,"Bachelors Degree Retention"
1427,"Doctoral Degree",Yes,"Doctoral Degree Attrition"
1428,"Doctoral Degree",No,"Doctoral Degree Retention"
1430,"Associates Degree",No,"Associates Degree Retention"
1431,"Bachelors Degree",No,"Bachelors Degree Retention"
1433,"Bachelors Degree",Yes,"Bachelors Degree Attrition"
1434,"Bachelors Degree",No,"Bachelors Degree Retention"
1435,"Masters Degree",No,"Masters Degree Retention"
1436,"Bachelors Degree",No,"Bachelors Degree Retention"
1438,"Doctoral Degree",No,"Doctoral Degree Retention"
1439,"Masters Degree",Yes,"Masters Degree Attrition"
1440,"Doctoral Degree",No,"Doctoral Degree Retention"
1441,"Associates Degree",No,"Associates Degree Retention"
1443,"Doctoral Degree",No,"Doctoral Degree Retention"
1445,"Masters Degree",No,"Masters Degree Retention"
1446,"Masters Degree",No,"Masters Degree Retention"
1447,"Bachelors Degree",No,"Bachelors Degree Retention"
1448,"Associates Degree",No,"Associates Degree Retention"
1449,"Bachelors Degree",No,"Bachelors Degree Retention"
1453,"Bachelors Degree",No,"Bachelors Degree Retention"
1457,"Associates Degree",Yes,"Associates Degree Attrition"
1458,"Bachelors Degree",Yes,"Bachelors Degree Attrition"
1459,"Bachelors Degree",Yes,"Bachelors Degree Attrition"
1460,"Bachelors Degree",No,"Bachelors Degree Retention"
1461,"Associates Degree",No,"Associates Degree Retention"
1464,"Associates Degree",Yes,"Associates Degree Attrition"
1465,"Masters Degree",No,"Masters Degree Retention"
1466,"Masters Degree",No,"Masters Degree Retention"
1467,"Doctoral Degree",Yes,"Doctoral Degree Attrition"
1468,"Masters Degree",No,"Masters Degree Retention"
1469,"Masters Degree",No,"Masters Degree Retention"
1471,"Associates Degree",No,"Associates Degree Retention"
1472,"Bachelors Degree",No,"Bachelors Degree Retention"
1473,"Associates Degree",No,"Associates Degree Retention"
1474,"Bachelors Degree",No,"Bachelors Degree Retention"
1475,"Doctoral Degree",No,"Doctoral Degree Retention"
1477,"Masters Degree",No,"Masters Degree Retention"
1478,"Masters Degree",No,"Masters Degree Retention"
1479,"Associates Degree",No,"Associates Degree Retention"
1480,"Bachelors Degree",No,"Bachelors Degree Retention"
1481,"Doctoral Degree",No,"Doctoral Degree Retention"
1482,"Associates Degree",No,"Associates Degree Retention"
1483,"Bachelors Degree",No,"Bachelors Degree Retention"
1484,"Masters Degree",No,"Masters Degree Retention"
1485,"Associates Degree",No,"Associates Degree Retention"
1486,"Masters Degree",Yes,"Masters Degree Attrition"
1487,"Masters Degree",Yes,"Masters Degree Attrition"
1489,"Bachelors Degree",Yes,"Bachelors Degree Attrition"
1492,"Bachelors Degree",No,"Bachelors Degree Retention"
1494,"Associates Degree",Yes,"Associates Degree Attrition"
1495,"Masters Degree",No,"Masters Degree Retention"
1496,"Associates Degree",No,"Associates Degree Retention"
1497,"Bachelors Degree",No,"Bachelors Degree Retention"
1499,"Doctoral Degree",No,"Doctoral Degree Retention"
1501,"Masters Degree",No,"Masters Degree Retention"
1502,"Masters Degree",No,"Masters Degree Retention"
1503,"Doctoral Degree",No,"Doctoral Degree Retention"
1504,"Associates Degree",Yes,"Associates Degree Attrition"
1506,"Associates Degree",No,"Associates Degree Retention"
1507,"Doctoral Degree",No,"Doctoral Degree Retention"
1509,"Masters Degree",No,"Masters Degree Retention"
1513,"Doctoral Degree",No,"Doctoral Degree Retention"
1514,"Masters Degree",No,"Masters Degree Retention"
1515,"Associates Degree",No,"Associates Degree Retention"
1516,"Bachelors Degree",No,"Bachelors Degree Retention"
1520,"Associates Degree",No,"Associates Degree Retention"
1522,"Doctoral Degree",Yes,"Doctoral Degree Attrition"
1523,"Associates Degree",No,"Associates Degree Retention"
1525,"Masters Degree",No,"Masters Degree Retention"
1527,"Bachelors Degree",No,"Bachelors Degree Retention"
1529,"Masters Degree",No,"Masters Degree Retention"
1533,"High School",No,"High School Retention"
1534,"Masters Degree",Yes,"Masters Degree Attrition"
1535,"Bachelors Degree",No,"Bachelors Degree Retention"
1537,"Bachelors Degree",Yes,"Bachelors Degree Attrition"
1539,"Doctoral Degree",No,"Doctoral Degree Retention"
1541,"Doctoral Degree",No,"Doctoral Degree Retention"
1542,"Masters Degree",No,"Masters Degree Retention"
1543,"Associates Degree",No,"Associates Degree Retention"
1544,"Bachelors Degree",No,"Bachelors Degree Retention"
1545,"Bachelors Degree",No,"Bachelors Degree Retention"
1546,"Masters Degree",No,"Masters Degree Retention"
1547,"Doctoral Degree",No,"Doctoral Degree Retention"
1548,"Associates Degree",No,"Associates Degree Retention"
1549,"Associates Degree",No,"Associates Degree Retention"
1550,"Associates Degree",No,"Associates Degree Retention"
1551,"Bachelors Degree",No,"Bachelors Degree Retention"
1552,"Masters Degree",No,"Masters Degree Retention"
1553,"Bachelors Degree",No,"Bachelors Degree Retention"
1554,"Masters Degree",No,"Masters Degree Retention"
1555,"Associates Degree",No,"Associates Degree Retention"
1556,"Bachelors Degree",No,"Bachelors Degree Retention"
1557,"Doctoral Degree",No,"Doctoral Degree Retention"
1558,"Bachelors Degree",No,"Bachelors Degree Retention"
1560,"Associates Degree",No,"Associates Degree Retention"
1562,"Associates Degree",Yes,"Associates Degree Attrition"
1563,"Doctoral Degree",No,"Doctoral Degree Retention"
1564,"Masters Degree",No,"Masters Degree Retention"
1568,"Doctoral Degree",No,"Doctoral Degree Retention"
1569,"Bachelors Degree",Yes,"Bachelors Degree Attrition"
1572,"Associates Degree",Yes,"Associates Degree Attrition"
1573,"Bachelors Degree",Yes,"Bachelors Degree Attrition"
1574,"Doctoral Degree",No,"Doctoral Degree Retention"
1576,"Masters Degree",No,"Masters Degree Retention"
1577,"Doctoral Degree",No,"Doctoral Degree Retention"
1578,"Associates Degree",No,"Associates Degree Retention"
1580,"Bachelors Degree",No,"Bachelors Degree Retention"
1581,"Doctoral Degree",No,"Doctoral Degree Retention"
1582,"Doctoral Degree",No,"Doctoral Degree Retention"
1583,"Masters Degree",No,"Masters Degree Retention"
1585,"Masters Degree",No,"Masters Degree Retention"
1586,"Doctoral Degree",No,"Doctoral Degree Retention"
1587,"Bachelors Degree",No,"Bachelors Degree Retention"
1588,"Bachelors Degree",No,"Bachelors Degree Retention"
1590,"Bachelors Degree",No,"Bachelors Degree Retention"
1591,"Associates Degree",No,"Associates Degree Retention"
1592,"Bachelors Degree",No,"Bachelors Degree Retention"
1594,"Doctoral Degree",No,"Doctoral Degree Retention"
1595,"Masters Degree",No,"Masters Degree Retention"
1596,"Bachelors Degree",No,"Bachelors Degree Retention"
1597,"Bachelors Degree",No,"Bachelors Degree Retention"
1598,"Bachelors Degree",No,"Bachelors Degree Retention"
1599,"Bachelors Degree",No,"Bachelors Degree Retention"
1601,"Bachelors Degree",No,"Bachelors Degree Retention"
1602,"Bachelors Degree",No,"Bachelors Degree Retention"
1604,"Doctoral Degree",Yes,"Doctoral Degree Attrition"
1605,"High School",No,"High School Retention"
1606,"Bachelors Degree",No,"Bachelors Degree Retention"
1607,"Masters Degree",No,"Masters Degree Retention"
1608,"Doctoral Degree",No,"Doctoral Degree Retention"
1609,"Bachelors Degree",No,"Bachelors Degree Retention"
1611,"Bachelors Degree",No,"Bachelors Degree Retention"
1612,"Doctoral Degree",No,"Doctoral Degree Retention"
1613,"Masters Degree",No,"Masters Degree Retention"
1614,"Doctoral Degree",No,"Doctoral Degree Retention"
1615,"Bachelors Degree",No,"Bachelors Degree Retention"
1617,"Masters Degree",No,"Masters Degree Retention"
1618,"Associates Degree",No,"Associates Degree Retention"
1619,"Associates Degree",No,"Associates Degree Retention"
1621,"Masters Degree",No,"Masters Degree Retention"
1622,"Masters Degree",No,"Masters Degree Retention"
1623,"High School",No,"High School Retention"
1624,"High School",Yes,"High School Attrition"
1625,"Doctoral Degree",No,"Doctoral Degree Retention"
1627,"Associates Degree",No,"Associates Degree Retention"
1628,"Associates Degree",No,"Associates Degree Retention"
1630,"Bachelors Degree",No,"Bachelors Degree Retention"
1631,"Bachelors Degree",No,"Bachelors Degree Retention"
1633,"Doctoral Degree",No,"Doctoral Degree Retention"
1635,"Masters Degree",No,"Masters Degree Retention"
1638,"Bachelors Degree",No,"Bachelors Degree Retention"
1639,"Bachelors Degree",Yes,"Bachelors Degree Attrition"
1640,"Bachelors Degree",No,"Bachelors Degree Retention"
1641,"Doctoral Degree",No,"Doctoral Degree Retention"
1642,"Masters Degree",No,"Masters Degree Retention"
1644,"Masters Degree",No,"Masters Degree Retention"
1645,"Doctoral Degree",Yes,"Doctoral Degree Attrition"
1646,"Masters Degree",No,"Masters Degree Retention"
1647,"Masters Degree",No,"Masters Degree Retention"
1648,"Bachelors Degree",No,"Bachelors Degree Retention"
1649,"Masters Degree",Yes,"Masters Degree Attrition"
1650,"Masters Degree",No,"Masters Degree Retention"
1651,"Doctoral Degree",No,"Doctoral Degree Retention"
1653,"Bachelors Degree",No,"Bachelors Degree Retention"
1654,"Bachelors Degree",No,"Bachelors Degree Retention"
1655,"Bachelors Degree",No,"Bachelors Degree Retention"
1656,"Doctoral Degree",No,"Doctoral Degree Retention"
1657,"High School",No,"High School Retention"
1658,"Bachelors Degree",No,"Bachelors Degree Retention"
1659,"Bachelors Degree",No,"Bachelors Degree Retention"
1661,"Masters Degree",No,"Masters Degree Retention"
1662,"Masters Degree",No,"Masters Degree Retention"
1664,"Associates Degree",No,"Associates Degree Retention"
1665,"Doctoral Degree",No,"Doctoral Degree Retention"
1666,"Bachelors Degree",No,"Bachelors Degree Retention"
1667,"Bachelors Degree",Yes,"Bachelors Degree Attrition"
1668,"Masters Degree",No,"Masters Degree Retention"
1669,"Associates Degree",No,"Associates Degree Retention"
1670,"Bachelors Degree",No,"Bachelors Degree Retention"
1671,"Bachelors Degree",No,"Bachelors Degree Retention"
1673,"Masters Degree",No,"Masters Degree Retention"
1674,"Masters Degree",No,"Masters Degree Retention"
1675,"Doctoral Degree",No,"Doctoral Degree Retention"
1676,"Bachelors Degree",No,"Bachelors Degree Retention"
1677,"Doctoral Degree",No,"Doctoral Degree Retention"
1678,"Bachelors Degree",No,"Bachelors Degree Retention"
1680,"High School",No,"High School Retention"
1681,"Associates Degree",No,"Associates Degree Retention"
1682,"Doctoral Degree",No,"Doctoral Degree Retention"
1683,"Masters Degree",No,"Masters Degree Retention"
1684,"Associates Degree",Yes,"Associates Degree Attrition"
1687,"Associates Degree",No,"Associates Degree Retention"
1689,"Doctoral Degree",No,"Doctoral Degree Retention"
1691,"Associates Degree",Yes,"Associates Degree Attrition"
1692,"Associates Degree",Yes,"Associates Degree Attrition"
1693,"Bachelors Degree",No,"Bachelors Degree Retention"
1694,"Doctoral Degree",No,"Doctoral Degree Retention"
1696,"Bachelors Degree",No,"Bachelors Degree Retention"
1697,"Associates Degree",No,"Associates Degree Retention"
1698,"Associates Degree",No,"Associates Degree Retention"
1700,"Doctoral Degree",No,"Doctoral Degree Retention"
1701,"Bachelors Degree",No,"Bachelors Degree Retention"
1702,"Associates Degree",Yes,"Associates Degree Attrition"
1703,"Associates Degree",No,"Associates Degree Retention"
1704,"Associates Degree",No,"Associates Degree Retention"
1706,"Bachelors Degree",No,"Bachelors Degree Retention"
1707,"Associates Degree",No,"Associates Degree Retention"
1708,"Doctoral Degree",No,"Doctoral Degree Retention"
1709,"Masters Degree",No,"Masters Degree Retention"
1710,"Masters Degree",No,"Masters Degree Retention"
1712,"Associates Degree",No,"Associates Degree Retention"
1714,"Bachelors Degree",Yes,"Bachelors Degree Attrition"
1716,"Masters Degree",Yes,"Masters Degree Attrition"
1718,"Masters Degree",No,"Masters Degree Retention"
1719,"Bachelors Degree",No,"Bachelors Degree Retention"
1720,"Associates Degree",No,"Associates Degree Retention"
1721,"Associates Degree",No,"Associates Degree Retention"
1722,"Masters Degree",No,"Masters Degree Retention"
1724,"Masters Degree",No,"Masters Degree Retention"
1725,"Associates Degree",No,"Associates Degree Retention"
1727,"Bachelors Degree",No,"Bachelors Degree Retention"
1728,"Doctoral Degree",No,"Doctoral Degree Retention"
1729,"Associates Degree",No,"Associates Degree Retention"
1731,"Doctoral Degree",No,"Doctoral Degree Retention"
1732,"Masters Degree",No,"Masters Degree Retention"
1733,"Doctoral Degree",Yes,"Doctoral Degree Attrition"
1734,"Associates Degree",Yes,"Associates Degree Attrition"
1735,"Associates Degree",No,"Associates Degree Retention"
1736,"Masters Degree",No,"Masters Degree Retention"
1737,"Doctoral Degree",No,"Doctoral Degree Retention"
1739,"Doctoral Degree",No,"Doctoral Degree Retention"
1740,"Masters Degree",No,"Masters Degree Retention"
1744,"Associates Degree",No,"Associates Degree Retention"
1745,"Doctoral Degree",No,"Doctoral Degree Retention"
1746,"Bachelors Degree",No,"Bachelors Degree Retention"
1747,"Associates Degree",Yes,"Associates Degree Attrition"
1749,"Doctoral Degree",No,"Doctoral Degree Retention"
1751,"Doctoral Degree",No,"Doctoral Degree Retention"
1752,"Bachelors Degree",Yes,"Bachelors Degree Attrition"
1753,"Masters Degree",No,"Masters Degree Retention"
1754,"Doctoral Degree",No,"Doctoral Degree Retention"
1755,"Masters Degree",No,"Masters Degree Retention"
1756,"Bachelors Degree",No,"Bachelors Degree Retention"
1757,"Associates Degree",No,"Associates Degree Retention"
1758,"Masters Degree",Yes,"Masters Degree Attrition"
1760,"Doctoral Degree",No,"Doctoral Degree Retention"
1761,"Associates Degree",Yes,"Associates Degree Attrition"
1762,"Masters Degree",No,"Masters Degree Retention"
1763,"Masters Degree",No,"Masters Degree Retention"
1764,"Doctoral Degree",No,"Doctoral Degree Retention"
1766,"Doctoral Degree",No,"Doctoral Degree Retention"
1767,"Bachelors Degree",Yes,"Bachelors Degree Attrition"
1768,"Bachelors Degree",No,"Bachelors Degree Retention"
1770,"Associates Degree",No,"Associates Degree Retention"
1771,"Masters Degree",No,"Masters Degree Retention"
1772,"Associates Degree",No,"Associates Degree Retention"
1774,"Bachelors Degree",No,"Bachelors Degree Retention"
1775,"Bachelors Degree",No,"Bachelors Degree Retention"
1778,"Masters Degree",No,"Masters Degree Retention"
1779,"Masters Degree",No,"Masters Degree Retention"
1780,"High School",Yes,"High School Attrition"
1782,"Doctoral Degree",No,"Doctoral Degree Retention"
1783,"Bachelors Degree",Yes,"Bachelors Degree Attrition"
1784,"Doctoral Degree",No,"Doctoral Degree Retention"
1786,"Masters Degree",No,"Masters Degree Retention"
1787,"Doctoral Degree",No,"Doctoral Degree Retention"
1789,"Masters Degree",No,"Masters Degree Retention"
1790,"Masters Degree",No,"Masters Degree Retention"
1792,"Associates Degree",Yes,"Associates Degree Attrition"
1794,"Bachelors Degree",No,"Bachelors Degree Retention"
1797,"Masters Degree",Yes,"Masters Degree Attrition"
1798,"Doctoral Degree",No,"Doctoral Degree Retention"
1799,"Associates Degree",No,"Associates Degree Retention"
1800,"Doctoral Degree",No,"Doctoral Degree Retention"
1801,"Bachelors Degree",No,"Bachelors Degree Retention"
1802,"Masters Degree",No,"Masters Degree Retention"
1803,"Masters Degree",No,"Masters Degree Retention"
1804,"Associates Degree",No,"Associates Degree Retention"
1805,"Associates Degree",No,"Associates Degree Retention"
1807,"Bachelors Degree",Yes,"Bachelors Degree Attrition"
1809,"Doctoral Degree",Yes,"Doctoral Degree Attrition"
1812,"Masters Degree",No,"Masters Degree Retention"
1813,"Bachelors Degree",No,"Bachelors Degree Retention"
1814,"Bachelors Degree",No,"Bachelors Degree Retention"
1815,"Masters Degree",No,"Masters Degree Retention"
1816,"Bachelors Degree",No,"Bachelors Degree Retention"
1818,"Doctoral Degree",Yes,"Doctoral Degree Attrition"
1821,"Associates Degree",Yes,"Associates Degree Attrition"
1822,"Associates Degree",No,"Associates Degree Retention"
1823,"Masters Degree",No,"Masters Degree Retention"
1824,"Associates Degree",No,"Associates Degree Retention"
1826,"Doctoral Degree",No,"Doctoral Degree Retention"
1827,"Bachelors Degree",No,"Bachelors Degree Retention"
1829,"Doctoral Degree",No,"Doctoral Degree Retention"
1830,"Associates Degree",No,"Associates Degree Retention"
1833,"Masters Degree",No,"Masters Degree Retention"
1834,"Masters Degree",No,"Masters Degree Retention"
1835,"Doctoral Degree",No,"Doctoral Degree Retention"
1836,"Doctoral Degree",No,"Doctoral Degree Retention"
1837,"Masters Degree",No,"Masters Degree Retention"
1839,"High School",No,"High School Retention"
1842,"Masters Degree",Yes,"Masters Degree Attrition"
1844,"Masters Degree",Yes,"Masters Degree Attrition"
1845,"Masters Degree",No,"Masters Degree Retention"
1847,"Associates Degree",No,"Associates Degree Retention"
1849,"Doctoral Degree",No,"Doctoral Degree Retention"
1850,"Masters Degree",No,"Masters Degree Retention"
1852,"Associates Degree",No,"Associates Degree Retention"
1853,"Bachelors Degree",No,"Bachelors Degree Retention"
1854,"Masters Degree",No,"Masters Degree Retention"
1856,"Bachelors Degree",No,"Bachelors Degree Retention"
1857,"Bachelors Degree",No,"Bachelors Degree Retention"
1858,"Bachelors Degree",No,"Bachelors Degree Retention"
1859,"Masters Degree",No,"Masters Degree Retention"
1860,"Doctoral Degree",No,"Doctoral Degree Retention"
1862,"Associates Degree",Yes,"Associates Degree Attrition"
1863,"Associates Degree",No,"Associates Degree Retention"
1864,"Doctoral Degree",No,"Doctoral Degree Retention"
1865,"Masters Degree",No,"Masters Degree Retention"
1866,"Bachelors Degree",No,"Bachelors Degree Retention"
1867,"Bachelors Degree",No,"Bachelors Degree Retention"
1868,"Bachelors Degree",Yes,"Bachelors Degree Attrition"
1869,"Associates Degree",Yes,"Associates Degree Attrition"
1870,"Masters Degree",No,"Masters Degree Retention"
1871,"Associates Degree",No,"Associates Degree Retention"
1873,"Doctoral Degree",No,"Doctoral Degree Retention"
1875,"Associates Degree",No,"Associates Degree Retention"
1876,"Bachelors Degree",Yes,"Bachelors Degree Attrition"
1878,"Associates Degree",Yes,"Associates Degree Attrition"
1880,"Doctoral Degree",No,"Doctoral Degree Retention"
1881,"Doctoral Degree",No,"Doctoral Degree Retention"
1882,"Bachelors Degree",No,"Bachelors Degree Retention"
1883,"Associates Degree",No,"Associates Degree Retention"
1885,"Bachelors Degree",No,"Bachelors Degree Retention"
1886,"Masters Degree",No,"Masters Degree Retention"
1888,"Associates Degree",No,"Associates Degree Retention"
1890,"Masters Degree",No,"Masters Degree Retention"
1892,"Doctoral Degree",No,"Doctoral Degree Retention"
1893,"Bachelors Degree",No,"Bachelors Degree Retention"
1898,"Associates Degree",No,"Associates Degree Retention"
1900,"Bachelors Degree",No,"Bachelors Degree Retention"
1903,"Masters Degree",No,"Masters Degree Retention"
1905,"Associates Degree",Yes,"Associates Degree Attrition"
1907,"Associates Degree",Yes,"Associates Degree Attrition"
1908,"Doctoral Degree",No,"Doctoral Degree Retention"
1909,"Masters Degree",No,"Masters Degree Retention"
1911,"Associates Degree",No,"Associates Degree Retention"
1912,"Associates Degree",No,"Associates Degree Retention"
1915,"Doctoral Degree",No,"Doctoral Degree Retention"
1916,"Associates Degree",No,"Associates Degree Retention"
1918,"Doctoral Degree",No,"Doctoral Degree Retention"
1922,"Masters Degree",No,"Masters Degree Retention"
1924,"Masters Degree",No,"Masters Degree Retention"
1927,"Doctoral Degree",No,"Doctoral Degree Retention"
1928,"Doctoral Degree",Yes,"Doctoral Degree Attrition"
1929,"Doctoral Degree",No,"Doctoral Degree Retention"
1931,"Bachelors Degree",No,"Bachelors Degree Retention"
1932,"Bachelors Degree",No,"Bachelors Degree Retention"
1933,"Doctoral Degree",Yes,"Doctoral Degree Attrition"
1934,"Masters Degree",No,"Masters Degree Retention"
1935,"Doctoral Degree",No,"Doctoral Degree Retention"
1936,"Masters Degree",No,"Masters Degree Retention"
1937,"Doctoral Degree",No,"Doctoral Degree Retention"
1938,"Masters Degree",No,"Masters Degree Retention"
1939,"Doctoral Degree",Yes,"Doctoral Degree Attrition"
1940,"Associates Degree",No,"Associates Degree Retention"
1941,"Bachelors Degree",No,"Bachelors Degree Retention"
1943,"Associates Degree",No,"Associates Degree Retention"
1944,"Doctoral Degree",Yes,"Doctoral Degree Attrition"
1945,"Bachelors Degree",No,"Bachelors Degree Retention"
1947,"Bachelors Degree",No,"Bachelors Degree Retention"
1948,"Associates Degree",No,"Associates Degree Retention"
1949,"Associates Degree",No,"Associates Degree Retention"
1950,"Masters Degree",No,"Masters Degree Retention"
1951,"Bachelors Degree",No,"Bachelors Degree Retention"
1952,"Bachelors Degree",No,"Bachelors Degree Retention"
1954,"Doctoral Degree",No,"Doctoral Degree Retention"
1955,"Bachelors Degree",No,"Bachelors Degree Retention"
1956,"Doctoral Degree",No,"Doctoral Degree Retention"
1960,"Masters Degree",Yes,"Masters Degree Attrition"
1961,"Associates Degree",No,"Associates Degree Retention"
1962,"Associates Degree",No,"Associates Degree Retention"
1965,"Doctoral Degree",No,"Doctoral Degree Retention"
1966,"Associates Degree",No,"Associates Degree Retention"
1967,"Associates Degree",Yes,"Associates Degree Attrition"
1968,"Doctoral Degree",Yes,"Doctoral Degree Attrition"
1969,"Masters Degree",No,"Masters Degree Retention"
1970,"Doctoral Degree",No,"Doctoral Degree Retention"
1971,"Bachelors Degree",No,"Bachelors Degree Retention"
1972,"Bachelors Degree",No,"Bachelors Degree Retention"
1973,"Masters Degree",No,"Masters Degree Retention"
1974,"Bachelors Degree",No,"Bachelors Degree Retention"
1975,"Doctoral Degree",No,"Doctoral Degree Retention"
1976,"Associates Degree",No,"Associates Degree Retention"
1979,"Bachelors Degree",No,"Bachelors Degree Retention"
1980,"Masters Degree",No,"Masters Degree Retention"
1981,"Associates Degree",No,"Associates Degree Retention"
1982,"Bachelors Degree",No,"Bachelors Degree Retention"
1985,"Associates Degree",No,"Associates Degree Retention"
1986,"Associates Degree",No,"Associates Degree Retention"
1987,"Masters Degree",No,"Masters Degree Retention"
1989,"Associates Degree",No,"Associates Degree Retention"
1992,"Associates Degree",No,"Associates Degree Retention"
1993,"Doctoral Degree",No,"Doctoral Degree Retention"
1994,"Associates Degree",No,"Associates Degree Retention"
1995,"Masters Degree",No,"Masters Degree Retention"
1996,"Bachelors Degree",No,"Bachelors Degree Retention"
1997,"Bachelors Degree",No,"Bachelors Degree Retention"
1998,"Associates Degree",No,"Associates Degree Retention"
1999,"Masters Degree",No,"Masters Degree Retention"
2000,"Masters Degree",No,"Masters Degree Retention"
2003,"Bachelors Degree",No,"Bachelors Degree Retention"
2007,"High School",No,"High School Retention"
2008,"Doctoral Degree",No,"Doctoral Degree Retention"
2009,"Masters Degree",No,"Masters Degree Retention"
2010,"Masters Degree",No,"Masters Degree Retention"
2012,"Associates Degree",No,"Associates Degree Retention"
2013,"Associates Degree",No,"Associates Degree Retention"
2014,"Associates Degree",No,"Associates Degree Retention"
2015,"Associates Degree",No,"Associates Degree Retention"
2016,"Masters Degree",No,"Masters Degree Retention"
2017,"Masters Degree",No,"Masters Degree Retention"
2018,"Associates Degree",No,"Associates Degree Retention"
2019,"Masters Degree",No,"Masters Degree Retention"
2020,"Associates Degree",No,"Associates Degree Retention"
2021,"Bachelors Degree",No,"Bachelors Degree Retention"
2022,"Masters Degree",No,"Masters Degree Retention"
2023,"Associates Degree",Yes,"Associates Degree Attrition"
2024,"Bachelors Degree",No,"Bachelors Degree Retention"
2025,"Bachelors Degree",No,"Bachelors Degree Retention"
2026,"Doctoral Degree",No,"Doctoral Degree Retention"
2027,"Masters Degree",Yes,"Masters Degree Attrition"
2031,"Doctoral Degree",No,"Doctoral Degree Retention"
2032,"Masters Degree",Yes,"Masters Degree Attrition"
2034,"Doctoral Degree",No,"Doctoral Degree Retention"
2035,"Doctoral Degree",No,"Doctoral Degree Retention"
2036,"Doctoral Degree",No,"Doctoral Degree Retention"
2037,"Bachelors Degree",No,"Bachelors Degree Retention"
2038,"Masters Degree",No,"Masters Degree Retention"
2040,"Associates Degree",No,"Associates Degree Retention"
2041,"Associates Degree",No,"Associates Degree Retention"
2044,"Bachelors Degree",Yes,"Bachelors Degree Attrition"
2045,"Masters Degree",No,"Masters Degree Retention"
2046,"Associates Degree",No,"Associates Degree Retention"
2048,"Associates Degree",No,"Associates Degree Retention"
2049,"Doctoral Degree",No,"Doctoral Degree Retention"
2051,"Associates Degree",No,"Associates Degree Retention"
2052,"Associates Degree",No,"Associates Degree Retention"
2053,"Bachelors Degree",No,"Bachelors Degree Retention"
2054,"Doctoral Degree",No,"Doctoral Degree Retention"
2055,"Masters Degree",Yes,"Masters Degree Attrition"
2056,"Bachelors Degree",No,"Bachelors Degree Retention"
2057,"Bachelors Degree",No,"Bachelors Degree Retention"
2060,"Masters Degree",No,"Masters Degree Retention"
2061,"Associates Degree",No,"Associates Degree Retention"
2062,"Associates Degree",No,"Associates Degree Retention"
2064,"Bachelors Degree",No,"Bachelors Degree Retention"
2065,"Associates Degree",No,"Associates Degree Retention"
2068,"Bachelors Degree",No,"Bachelors Degree Retention"
